{
  "n": 48,
  "relevance": {
    "correct": 0.041666666666666664,
    "partial": 0.0,
    "incorrect": 0.8333333333333334,
    "refusal": 0.125
  },
  "hallucination_rate": 0.8125,
  "citations": {
    "answers_with_citations": 0.0,
    "judged": 0,
    "full": 0,
    "partial": 0,
    "none": 0,
    "invalid": 0
  },
  "conversational": {
    "mean_1to5": 1.7708333333333333,
    "Q": 0.19270833333333331
  },
  "latency_ms": {
    "mean": 24877.2165030241,
    "p50": 24723.019123077393,
    "p95": 39012.247574329376
  },
  "judge_model": "deepseek-ai/DeepSeek-V4-Pro",
  "correct_by_domain": {
    "apartment": 0.0,
    "business": 0.16666666666666666,
    "car": 0.0,
    "dental": 0.0,
    "health": 0.16666666666666666,
    "life": 0.0,
    "mortgage": 0.0,
    "travel": 0.0
  },
  "harness": "stage23"
}