{
  "n": 48,
  "relevance": {
    "correct": 0.375,
    "partial": 0.0625,
    "incorrect": 0.375,
    "refusal": 0.1875
  },
  "hallucination_rate": 0.3125,
  "citations": {
    "answers_with_citations": 0.0,
    "judged": 0,
    "full": 0,
    "partial": 0,
    "none": 0,
    "invalid": 0
  },
  "conversational": {
    "mean_1to5": 4.875,
    "Q": 0.96875
  },
  "latency_ms": {
    "mean": 29638.50475847721,
    "p50": 26589.030504226685,
    "p95": 64306.64556026459
  },
  "judge_model": "deepseek-ai/DeepSeek-V4-Pro",
  "correct_by_domain": {
    "apartment": 0.3333333333333333,
    "business": 0.5,
    "car": 0.16666666666666666,
    "dental": 0.5,
    "health": 0.5,
    "life": 0.8333333333333334,
    "mortgage": 0.16666666666666666,
    "travel": 0.0
  },
  "harness": "stage23"
}