{
  "n": 48,
  "relevance": {
    "correct": 0.10416666666666667,
    "partial": 0.0,
    "incorrect": 0.8958333333333334,
    "refusal": 0.0
  },
  "hallucination_rate": 0.75,
  "citations": {
    "answers_with_citations": 0.0,
    "judged": 0,
    "full": 0,
    "partial": 0,
    "none": 0,
    "invalid": 0
  },
  "conversational": {
    "mean_1to5": 1.875,
    "Q": 0.21875
  },
  "latency_ms": {
    "mean": 27777.68613398075,
    "p50": 24164.111971855164,
    "p95": 67844.97060775757
  },
  "judge_model": "deepseek-ai/DeepSeek-V4-Pro",
  "correct_by_domain": {
    "apartment": 0.0,
    "business": 0.3333333333333333,
    "car": 0.0,
    "dental": 0.0,
    "health": 0.16666666666666666,
    "life": 0.16666666666666666,
    "mortgage": 0.16666666666666666,
    "travel": 0.0
  }
}