{
  "n": 48,
  "relevance": {
    "correct": 0.16666666666666666,
    "partial": 0.0,
    "incorrect": 0.8125,
    "refusal": 0.020833333333333332
  },
  "hallucination_rate": 0.6875,
  "citations": {
    "answers_with_citations": 0.0,
    "judged": 0,
    "full": 0,
    "partial": 0,
    "none": 0,
    "invalid": 0
  },
  "conversational": {
    "mean_1to5": 1.9375,
    "Q": 0.234375
  },
  "latency_ms": {
    "mean": 27040.037125349045,
    "p50": 22829.08046245575,
    "p95": 39379.279029369354
  },
  "judge_model": "deepseek-ai/DeepSeek-V4-Pro",
  "correct_by_domain": {
    "apartment": 0.16666666666666666,
    "business": 0.5,
    "car": 0.0,
    "dental": 0.0,
    "health": 0.3333333333333333,
    "life": 0.16666666666666666,
    "mortgage": 0.16666666666666666,
    "travel": 0.0
  }
}