{
  "n": 48,
  "relevance": {
    "correct": 0.3541666666666667,
    "partial": 0.020833333333333332,
    "incorrect": 0.5833333333333334,
    "refusal": 0.041666666666666664
  },
  "hallucination_rate": 0.5625,
  "citations": {
    "answers_with_citations": 0.0,
    "judged": 0,
    "full": 0,
    "partial": 0,
    "none": 0,
    "invalid": 0
  },
  "conversational": {
    "mean_1to5": 4.916666666666667,
    "Q": 0.9791666666666667
  },
  "latency_ms": {
    "mean": 9292.180508375168,
    "p50": 6359.790802001953,
    "p95": 27147.828698158264
  },
  "judge_model": "deepseek-ai/DeepSeek-V4-Pro",
  "correct_by_domain": {
    "apartment": 0.3333333333333333,
    "business": 0.6666666666666666,
    "car": 0.16666666666666666,
    "dental": 0.3333333333333333,
    "health": 0.5,
    "life": 0.6666666666666666,
    "mortgage": 0.16666666666666666,
    "travel": 0.0
  }
}