{
  "n": 48,
  "relevance": {
    "correct": 0.3125,
    "partial": 0.041666666666666664,
    "incorrect": 0.5833333333333334,
    "refusal": 0.0625
  },
  "hallucination_rate": 0.5833333333333334,
  "citations": {
    "answers_with_citations": 0.0,
    "judged": 0,
    "full": 0,
    "partial": 0,
    "none": 0,
    "invalid": 0
  },
  "conversational": {
    "mean_1to5": null,
    "Q": null
  },
  "latency_ms": {
    "mean": 30708.16384255886,
    "p50": 26728.090405464172,
    "p95": 68375.88691711426
  },
  "judge_model": "deepseek-ai/DeepSeek-V4-Pro",
  "correct_by_domain": {
    "apartment": 0.3333333333333333,
    "business": 0.3333333333333333,
    "car": 0.16666666666666666,
    "dental": 0.3333333333333333,
    "health": 0.6666666666666666,
    "life": 0.5,
    "mortgage": 0.0,
    "travel": 0.16666666666666666
  }
}