{
  "n": 48,
  "relevance": {
    "correct": 0.125,
    "partial": 0.0,
    "incorrect": 0.10416666666666667,
    "refusal": 0.7708333333333334
  },
  "hallucination_rate": 0.08333333333333333,
  "citations": {
    "answers_with_citations": 0.0,
    "judged": 0,
    "full": 0,
    "partial": 0,
    "none": 0,
    "invalid": 0
  },
  "latency_ms": {
    "mean": 2288.9165033896766,
    "p50": 1282.6286554336548,
    "p95": 6361.866521835327
  },
  "judge_model": "deepseek-ai/DeepSeek-V4-Pro",
  "correct_by_domain": {
    "apartment": 0.16666666666666666,
    "business": 0.0,
    "car": 0.0,
    "dental": 0.16666666666666666,
    "health": 0.3333333333333333,
    "life": 0.3333333333333333,
    "mortgage": 0.0,
    "travel": 0.0
  }
}