{
  "n": 48,
  "relevance": {
    "correct": 0.25,
    "partial": 0.10416666666666667,
    "incorrect": 0.5625,
    "refusal": 0.08333333333333333
  },
  "hallucination_rate": 0.5625,
  "citations": {
    "answers_with_citations": 0.0,
    "judged": 0,
    "full": 0,
    "partial": 0,
    "none": 0,
    "invalid": 0
  },
  "conversational": {
    "mean_1to5": null,
    "Q": null
  },
  "latency_ms": {
    "mean": 26075.256422162056,
    "p50": 22487.70308494568,
    "p95": 48558.580446243286
  },
  "judge_model": "deepseek-ai/DeepSeek-V4-Pro",
  "correct_by_domain": {
    "apartment": 0.16666666666666666,
    "business": 0.5,
    "car": 0.16666666666666666,
    "dental": 0.16666666666666666,
    "health": 0.3333333333333333,
    "life": 0.3333333333333333,
    "mortgage": 0.16666666666666666,
    "travel": 0.16666666666666666
  }
}