{
  "n": 48,
  "relevance": {
    "correct": 0.2708333333333333,
    "partial": 0.08333333333333333,
    "incorrect": 0.4583333333333333,
    "refusal": 0.1875
  },
  "hallucination_rate": 0.4375,
  "citations": {
    "answers_with_citations": 0.0,
    "judged": 0,
    "full": 0,
    "partial": 0,
    "none": 0,
    "invalid": 0
  },
  "conversational": {
    "mean_1to5": 4.5,
    "Q": 0.875
  },
  "latency_ms": {
    "mean": 15634.610032041868,
    "p50": 11476.477026939392,
    "p95": 38428.71859073639
  },
  "judge_model": "deepseek-ai/DeepSeek-V4-Pro",
  "correct_by_domain": {
    "apartment": 0.16666666666666666,
    "business": 0.3333333333333333,
    "car": 0.16666666666666666,
    "dental": 0.16666666666666666,
    "health": 0.5,
    "life": 0.5,
    "mortgage": 0.16666666666666666,
    "travel": 0.16666666666666666
  },
  "harness": "stage23"
}