{
  "n": 48,
  "relevance": {
    "correct": 0.0,
    "partial": 0.041666666666666664,
    "incorrect": 0.0,
    "refusal": 0.9583333333333334
  },
  "hallucination_rate": 0.0,
  "citations": {
    "answers_with_citations": 0.0,
    "judged": 0,
    "full": 0,
    "partial": 0,
    "none": 0,
    "invalid": 0
  },
  "conversational": {
    "mean_1to5": 2.0833333333333335,
    "Q": 0.27083333333333337
  },
  "latency_ms": {
    "mean": 2329.9683233102164,
    "p50": 2020.1793909072876,
    "p95": 4550.672388076782
  },
  "judge_model": "deepseek-ai/DeepSeek-V4-Pro",
  "correct_by_domain": {
    "apartment": 0.0,
    "business": 0.0,
    "car": 0.0,
    "dental": 0.0,
    "health": 0.0,
    "life": 0.0,
    "mortgage": 0.0,
    "travel": 0.0
  },
  "harness": "stage23"
}