{
  "n": 48,
  "relevance": {
    "correct": 0.3125,
    "partial": 0.08333333333333333,
    "incorrect": 0.5625,
    "refusal": 0.041666666666666664
  },
  "hallucination_rate": 0.4375,
  "citations": {
    "answers_with_citations": 0.0,
    "judged": 0,
    "full": 0,
    "partial": 0,
    "none": 0,
    "invalid": 0
  },
  "conversational": {
    "mean_1to5": 4.458333333333333,
    "Q": 0.8645833333333333
  },
  "latency_ms": {
    "mean": 52417.089422543846,
    "p50": 48498.77834320068,
    "p95": 79540.32263755798
  },
  "judge_model": "deepseek-ai/DeepSeek-V4-Pro",
  "correct_by_domain": {
    "apartment": 0.3333333333333333,
    "business": 0.5,
    "car": 0.3333333333333333,
    "dental": 0.3333333333333333,
    "health": 0.5,
    "life": 0.5,
    "mortgage": 0.0,
    "travel": 0.0
  },
  "harness": "stage23"
}