{
  "n": 48,
  "relevance": {
    "correct": 0.125,
    "partial": 0.0625,
    "incorrect": 0.041666666666666664,
    "refusal": 0.7708333333333334
  },
  "hallucination_rate": 0.041666666666666664,
  "citations": {
    "answers_with_citations": 0.0,
    "judged": 0,
    "full": 0,
    "partial": 0,
    "none": 0,
    "invalid": 0
  },
  "conversational": {
    "mean_1to5": null,
    "Q": null
  },
  "latency_ms": {
    "mean": 17064.077605803806,
    "p50": 16428.28094959259,
    "p95": 33154.769003391266
  },
  "judge_model": "deepseek-ai/DeepSeek-V4-Pro",
  "correct_by_domain": {
    "apartment": 0.3333333333333333,
    "business": 0.0,
    "car": 0.0,
    "dental": 0.0,
    "health": 0.3333333333333333,
    "life": 0.3333333333333333,
    "mortgage": 0.0,
    "travel": 0.0
  },
  "harness": "stage1"
}