{
  "n": 48,
  "relevance": {
    "correct": 0.020833333333333332,
    "partial": 0.0,
    "incorrect": 0.0,
    "refusal": 0.9791666666666666
  },
  "hallucination_rate": 0.0,
  "citations": {
    "answers_with_citations": 0.0,
    "judged": 0,
    "full": 0,
    "partial": 0,
    "none": 0,
    "invalid": 0
  },
  "conversational": {
    "mean_1to5": 3.25,
    "Q": 0.5625
  },
  "latency_ms": {
    "mean": 42244.672079881035,
    "p50": 41022.581458091736,
    "p95": 74153.17115783691
  },
  "judge_model": "deepseek-ai/DeepSeek-V4-Pro",
  "correct_by_domain": {
    "apartment": 0.0,
    "business": 0.16666666666666666,
    "car": 0.0,
    "dental": 0.0,
    "health": 0.0,
    "life": 0.0,
    "mortgage": 0.0,
    "travel": 0.0
  },
  "harness": "stage23"
}