{
  "n": 48,
  "relevance": {
    "correct": 0.08333333333333333,
    "partial": 0.0,
    "incorrect": 0.041666666666666664,
    "refusal": 0.875
  },
  "hallucination_rate": 0.041666666666666664,
  "citations": {
    "answers_with_citations": 0.0,
    "judged": 0,
    "full": 0,
    "partial": 0,
    "none": 0,
    "invalid": 0
  },
  "conversational": {
    "mean_1to5": 2.3333333333333335,
    "Q": 0.33333333333333337
  },
  "latency_ms": {
    "mean": 30133.738607168198,
    "p50": 29134.305477142334,
    "p95": 54597.021663188934
  },
  "judge_model": "deepseek-ai/DeepSeek-V4-Pro",
  "correct_by_domain": {
    "apartment": 0.16666666666666666,
    "business": 0.3333333333333333,
    "car": 0.0,
    "dental": 0.0,
    "health": 0.0,
    "life": 0.0,
    "mortgage": 0.16666666666666666,
    "travel": 0.0
  },
  "harness": "stage23"
}