{
  "n": 48,
  "relevance": {
    "correct": 0.3333333333333333,
    "partial": 0.020833333333333332,
    "incorrect": 0.4791666666666667,
    "refusal": 0.16666666666666666
  },
  "hallucination_rate": 0.4375,
  "citations": {
    "answers_with_citations": 0.0,
    "judged": 0,
    "full": 0,
    "partial": 0,
    "none": 0,
    "invalid": 0
  },
  "conversational": {
    "mean_1to5": 4.375,
    "Q": 0.84375
  },
  "latency_ms": {
    "mean": 58366.57993495464,
    "p50": 61592.81349182129,
    "p95": 86971.41432762146
  },
  "judge_model": "deepseek-ai/DeepSeek-V4-Pro",
  "correct_by_domain": {
    "apartment": 0.16666666666666666,
    "business": 0.6666666666666666,
    "car": 0.3333333333333333,
    "dental": 0.3333333333333333,
    "health": 0.5,
    "life": 0.6666666666666666,
    "mortgage": 0.0,
    "travel": 0.0
  },
  "harness": "stage23"
}