{
  "n": 48,
  "relevance": {
    "correct": 0.020833333333333332,
    "partial": 0.020833333333333332,
    "incorrect": 0.20833333333333334,
    "refusal": 0.75
  },
  "hallucination_rate": 0.14583333333333334,
  "citations": {
    "answers_with_citations": 0.0,
    "judged": 0,
    "full": 0,
    "partial": 0,
    "none": 0,
    "invalid": 0
  },
  "conversational": {
    "mean_1to5": 2.6666666666666665,
    "Q": 0.41666666666666663
  },
  "latency_ms": {
    "mean": 18890.406474471092,
    "p50": 15307.064771652222,
    "p95": 32458.78871679306
  },
  "judge_model": "deepseek-ai/DeepSeek-V4-Pro",
  "correct_by_domain": {
    "apartment": 0.0,
    "business": 0.0,
    "car": 0.0,
    "dental": 0.0,
    "health": 0.16666666666666666,
    "life": 0.0,
    "mortgage": 0.0,
    "travel": 0.0
  },
  "harness": "stage23"
}