{
  "n": 48,
  "relevance": {
    "correct": 0.125,
    "partial": 0.041666666666666664,
    "incorrect": 0.0625,
    "refusal": 0.7708333333333334
  },
  "hallucination_rate": 0.0625,
  "citations": {
    "answers_with_citations": 0.0,
    "judged": 0,
    "full": 0,
    "partial": 0,
    "none": 0,
    "invalid": 0
  },
  "conversational": {
    "mean_1to5": 2.75,
    "Q": 0.4375
  },
  "latency_ms": {
    "mean": 4055.1760345697403,
    "p50": 2444.8516368865967,
    "p95": 12989.081645011902
  },
  "judge_model": "deepseek-ai/DeepSeek-V4-Pro",
  "correct_by_domain": {
    "apartment": 0.16666666666666666,
    "business": 0.0,
    "car": 0.0,
    "dental": 0.0,
    "health": 0.5,
    "life": 0.3333333333333333,
    "mortgage": 0.0,
    "travel": 0.0
  },
  "harness": "stage23"
}