{
  "n": 48,
  "relevance": {
    "correct": 0.1875,
    "partial": 0.041666666666666664,
    "incorrect": 0.3958333333333333,
    "refusal": 0.375
  },
  "hallucination_rate": 0.2708333333333333,
  "citations": {
    "answers_with_citations": 0.0,
    "judged": 0,
    "full": 0,
    "partial": 0,
    "none": 0,
    "invalid": 0
  },
  "conversational": {
    "mean_1to5": 3.3541666666666665,
    "Q": 0.5885416666666666
  },
  "latency_ms": {
    "mean": 25156.184713045757,
    "p50": 21593.48213672638,
    "p95": 56797.07924127579
  },
  "judge_model": "deepseek-ai/DeepSeek-V4-Pro",
  "correct_by_domain": {
    "apartment": 0.0,
    "business": 0.5,
    "car": 0.0,
    "dental": 0.16666666666666666,
    "health": 0.3333333333333333,
    "life": 0.3333333333333333,
    "mortgage": 0.0,
    "travel": 0.16666666666666666
  },
  "harness": "stage23"
}